"Country","State.Region","City","Meetup","Twitter","Email","Facebook","Instagram","Periscope","Youtube","GitHub","Website","Slack","Organizers","Status"
"Remote","","","https://www.meetup.com/rladies-remote/","https://twitter.com/RLadiesRemote","remote@rladies.org","","","","","","","","Ángela Castillo-Gill, Auriel Fournier, Charles T. Gray, Abigail Lebrecht, Steph De Silva, Heather Turner","Active"
"Argentina","Río Negro","Bariloche","https://www.meetup.com/rladies-bariloche/","https://twitter.com/RLadiesBRC","bariloche@rladies.org","https://www.facebook.com/rladies.bariloche","","","","","","rladies-brc.slack.com","Lina Moreno Azócar, Sofía Ruiz, Paula Fergnani","Active"
"Argentina","Buenos Aires","Buenos Aires","https://www.meetup.com/rladies-buenos-aires/","https://twitter.com/RLadiesBA","buenosaires@rladies.org","https://www.facebook.com/RladiesBA/","","","","https://github.com/rladies/meetup-presentations_buenosaires","","","Fabiana Flores, Paola Corrales, Florencia D'Andrea, Monica Alonso, Priscilla Minotti, Paola Prieto, Natsumi Shokida","Active"
"Argentina","Córdoba","Córdoba","https://www.meetup.com/rladies-cordoba/","https://twitter.com/RLadiesCba","cordoba@rladies.org","https://www.facebook.com/RLadiesCba","","","","https://github.com/rladies/meetup-presentations_cordoba","","rladies-cordoba.slack.com","Juliana Benitez","Active"
"Argentina","Buenos Aires","La Plata","https://www.meetup.com/rladies-la-plata/","https://twitter.com/RLadies_LP","laplata@rladies.org","","","","","","","","Sol Represa, Myrian Aguilar, Daniela Esquivel","Active"
"Argentina","Chaco-Corrientes","Resistencia-Corrientes","https://www.meetup.com/rladies-resistencia-corrientes/","https://twitter.com/RLadies_rciacte","rciactes@rladies.org","https://www.facebook.com/R-Ladies-Rcia-Ctes","","","","","","","Patricia Loto, Roxana Noelia Villafañe","Active"
"Argentina","Mendoza","Mendoza","https://www.meetup.com/rladies-mendoza/","https://twitter.com/RLadiesMza","mendoza@rladies.org","https://www.facebook.com/RLadiesMendoza","","","","https://github.com/rladies/meetup-presentations_mendoza","","","Ana Laura Diedrichs, Jan Strappa, Brenda Canizo","Active"
"Argentina","Santa Fe","Santa Fe","https://www.meetup.com/rladies-santa-fe/","https://twitter.com/RLadiesSantaFe","santafe@rladies.org","https://www.facebook.com/RLadiesSantaFe/","https://www.instagram.com/rladiessantafe/","","https://www.youtube.com/channel/UCOFcXLjW9atcEuCa5kbOPSw","https://github.com/rladies/meetup-presentations_santafe","","","Melina Vidoni, Liza Dosso, Andrea Bergesio, Mariel Lovatto, Cecilia Román Miyasato","Active"
"Argentina","La Pampa","Santa Rosa","https://www.meetup.com/rladies-santa-rosa/","https://twitter.com/RladiesSR","santarosa@rladies.org","https://www.facebook.com/pg/RLadiesSR","","","","https://github.com/rladies/meetup-presentations_santarosa","","","Yanina Bellini Saibene, Marina Cock","Active"
"Argentina","Tierra del Fuego","Ushuaia","https://www.meetup.com/rladies-ushuaia/","https://twitter.com/RLadiesUshuaia","ushuaia@rladies.org","","","","","https://github.com/rladies/meetup-presentations_ushuaia","","","Lucía Rodríguez Planes","Active"
"Australia","","Adelaide","https://www.meetup.com/rladies-adelaide/","https://twitter.com/RLadiesAdelaide","adelaide@rladies.org","","","","","https://github.com/rladies/meetup-presentations_adelaide","","","Marija Dmitrijeva, Helen Dockrell, Rachel Searston, Melaine Smith, Brittany Child","Active"
"Australia","","Cairns","","","","","","","","","","","Martha Cooper","Prospective"
"Australia","","Canberra","https://www.meetup.com/rladies-canberra/","https://twitter.com/RLadiesCanberra","","","","","","","","","Emi Tanaka, Alice Richardson, Petra Kuhnert, Pauline O'Shaughnessy, Jiali Wang","Active"
"Australia","Queensland","Brisbane","https://www.meetup.com/rladies-brisbane/","https://twitter.com/RLadiesBrisbane","brisbane@rladies.org","","","","","https://github.com/rladies/meetup-presentations_brisbane","","r-ladiesbrisbane.slack.com","Paula Andrea Martinez","Active"
"Australia","","Melbourne","https://www.meetup.com/rladies-melbourne/","https://twitter.com/RLadiesMelb","melbourne@rladies.org","https://www.facebook.com/RladiesMelbourne","","","","https://github.com/rladies/meetup-presentations_melbourne","","","Anna Quaglieri, Sepideh Foroutan, Alex Garnham, Marie Trussart, Lucy Liu, Adele Barugahare, Nikki Rubinson","Active"
"Australia","","Perth","https://www.meetup.com/rladies-perth/","https://twitter.com/rladiesperth","perth@rladies.org","","","","","","","","Alyce Russell, Nicola Armstrong, Rebecca Lange, Sarita Bennett","Active"
"Australia","","Sydney","https://www.meetup.com/rladies-sydney/","https://twitter.com/RLadiesSydney","sydney@rladies.org","","","","","https://github.com/rladiessydney","https://rladiessydney.org/","","Jenny Richmond","Active"
"Austria","","Linz","https://www.meetup.com/rladies-linz/","https://twitter.com/RladiesLinz","","","","","","https://github.com/rladies/meetup-presentations_linz","","","Lucia Gjeltema","Active"
"Austria","","Vienna","https://www.meetup.com/rladies-vienna/","https://twitter.com/RLadiesVienna","vienna@rladies.org","","","","","","","","Laura Vana","Active"
"Bahrain","","Muharraq","","","","","","","","","","","Fatima Alaradi","Prospective"
"Belgium","","Brussels","https://www.meetup.com/rladies-brussels/","https://twitter.com/RladiesBrussels","brussels@rladies.org","","","","","https://github.com/rladies/meetup-presentations_brussels","","","Suzan Baert, Huong Nguyen","Active"
"Belgium","","Leuven","https://www.meetup.com/rladies-leuven/","https://twitter.com/RLadiesLeuven","leuven@rladies.org","","","","","https://github.com/rladies/meetup-presentations_leuven","","","Theresa Elise Wege, Veronica Llorens","Active"
"Benin","","Cotonou","https://www.meetup.com/rladies-cotonou/","https://twitter.com/RLadiesCtn","cotonou@rladies.org","","","","","","","","Nadejda Sero, Benedicta Essuon","Active"
"Bolivia","","La Paz","https://www.meetup.com/rladies-la-paz/","","lapaz@rladies.org","https://facebook.com/rladieslapaz","","","","","","","Nathaly Alarcon, Orietha Castillo","Active"
"Brazil","","Brasilia","","","","","","","","","","","Glélcia Oliveira de Farias","Prospective"
"Brazil","Bahia","Salvador","https://www.meetup.com/rladies-salvador/","https://twitter.com/RLadiesSalvador","salvador@rladies.org","","","","","","","","Karla Patricia Santos Oliveira Rodriguez Esquerre, Júlia Carolina","Active"
"Brazil","Espírito Santo","Vitória","","","","","","","","","","","Ornella Scardua","Prospective"
"Brazil","Goiás","Goiânia","https://www.meetup.com/rladies-goiania/","","goiania@rladies.org","","","","","","","","Fernanda Kelly","Prospective"
"Brazil","Minas Gerais","Belo Horizonte","https://www.meetup.com/rladies-belo-horizonte/","https://twitter.com/RLadiesBH","belohorizonte@rladies.org","","","","","","","","Layla Comparin, Larissa Fernandes, Numiá Gomes","Active"
"Brazil","Minas Gerais","Lavras","https://www.meetup.com/rladies-lavras/","","lavras@rladies.org","","","","","","","","Izabela Oliveira, Paula Santos","Active"
"Brazil","Paraiba","Campina Grande","","","","","","","","","","","Hadrizia Santos, Dandara Sousa","Prospective"
"Brazil","Parana","Curitiba","https://www.meetup.com/rladies-curitiba/","","curitiba@rladies.org","","","","","","","","Bruna Wundervald, Larissa Ferreira, Aline, Maria Helena Oliveira","Active"
"Brazil","Pernambuco","Recife","https://www.meetup.com/rladies-recife/","","recife@rladies.org","","","","","","","","Larissa Lima, Nathália Demetrio Vasconcelos Moura, Edneide Ramalho, Anny Kerollayny, Bruna Gregory Palm, Cristine Rauber Oliveira, Anabeth Petry Radünz, Ranah Duarte Costa, Luana Rodrigues, Heloisa de Melo Rodrigues","Active"
"Brazil","Piaui","Teresina","","","","","","","","","","","Rita de Cássia de Lima Idalino","Prospective"
"Brazil","Rio de Janeiro","Niteroi","https://www.meetup.com/rladies-niteroi/","","niteroi@rladies.org","","","","","","","","Noelle Camello, Luciane Alcoforado","Active"
"Brazil","Rio de Janeiro","Rio de Janeiro","https://www.meetup.com/rladies-rio/","https://twitter.com/RLadiesRio","rio@rladies.org","","","","","https://github.com/rladies/meetup-presentations_rio","","","Erika Bueno, Ana Paula da Cunha, Andrea Sánchez Tapia, Clemencia Mora, Fernanda Alves, Helena Riveiro, Lorenna Nascimento, Priscila Hohberg, Silvana Chagas","Active"
"Brazil","Santa Catarina","Florianópolis","https://www.meetup.com/rladies-florianopolis/","https://twitter.com/RLadiesFloripa","","","","","","","","","Camila Thais Weber","Active"
"Brazil","Santa Catarina","Lages","","","","","","","","","","","Simone Silmara Werner","Prospective"
"Brazil","São Paulo","Americana","https://www.meetup.com/rladies-americana/","https://twitter.com/RLadiesAME","","","","","","","","","Mariana Mendes","Active"
"Brazil","São Paulo","São Carlos","","","","","","","","","","","Mayara Formenton, Marina de Souza Paiva","Prospective"
"Brazil","São Paulo","São José dos Campos","","","","","","","","","","","Letícia Silva","Prospective"
"Brazil","São Paulo","São Paulo","https://www.meetup.com/rladies-sao-paulo/","https://twitter.com/RLadiesSaoPaulo","saopaulo@rladies.org","https://www.facebook.com/rladiessaopaulo/","https://www.instagram.com/rladiessaopaulo/","","","https://github.com/rladies/meetup-presentations_sao-paulo","","","Haydée Svab,  Alissa Munerato, Bruna Wundervald, Beatriz Milz, Bruna Garbes, Nathália Demetrio","Active"
"Brazil","Tocantins","Palmas","","","","","","","","","","","Katiuscia Martos","Prospective"
"Brazil","Rio Grande do Norte","Natal","https://www.meetup.com/rladies-natal/","https://twitter.com/RladiesNatal","natal@rladies.org","https://www.facebook.com/R-ladies-Natal-1601745646525923/","","","","https://github.com/rladies/meetup-presentations_natal","","","Lumi Mevi, Iara Dantas de Souza","Active"
"Brazil","Rio Grande do Sul","Porto Alegre","https://www.meetup.com/rladies-porto-alegre/","https://twitter.com/RLadiesPOA","poa@rladies.org","https://www.facebook.com/RLadiesPortoAlegre/","","","","","","","Iara Passos","Active"
"Bulgaria","","Sofia","","","","","","","","","","","Mimi Lazarova","Prospective"
"Canada","Alberta","Calgary","https://www.meetup.com/rladies-calgary/","","","","","","","","","","Marta Vidal García","Active"
"Canada","Alberta","Edmonton","","","edmonton@rladies.org","","","","","","","","Sarah Sheldon","Prospective"
"Canada","British Columbia","Vancouver","https://www.meetup.com/rladies-vancouver/","https://twitter.com/RLadiesVan","vancouver@rladies.org","","","","","","","","Anna Posacka, Marion Shadbol, Nazlı Özüm Kafaee, Raïssa Philibert, Jasmine Lai, Lucia Darrow, Lisa Cao","Active"
"Canada","British Columbia","Victoria","https://www.meetup.com/rladies-victoria/","https://twitter.com/RLadiesVicBC","victoriabc@rladies.org","","","","","https://github.com/RLadiesVicBC","","","Noushin Nabavi","Active"
"Canada","Manitoba","Winnipeg","","","","","","","","","","","Sarah Mutch","Prospective"
"Canada","Ontario","London","https://www.meetup.com/rladies-ldnont/","https://twitter.com/RLadiesLdnOnt","ldnont@rladies.org","https://www.facebook.com/rladiesldnont","","","","https://github.com/rladies/meetup-presentations_london_ontario","","","Daryn Cushnie-Sparrow, Caitlin Coughler, Olivia Daub","Active"
"Canada","Ontario","Ottawa","https://www.meetup.com/rladies-ottawa/","","ottawa@rladies.org","","","","","","","","Michelle Fairbrother, Stephanie Houle","Active"
"Canada","Ontario","Toronto","https://www.meetup.com/rladies-toronto/","https://twitter.com/rladiestoronto","toronto@rladies.org","","","","","","","rladiestoronto.slack.com","Sharla Gelfand, Monica Alexander, Nicole Radziwill","Active"
"Canada","Ontario","Waterloo","https://www.meetup.com/rladies-waterloo/","https://twitter.com/RLadiesWaterloo","waterloo@rladies.org","","","","","","","","Lauren Yee","Active"
"Canada","Québec","Montréal","https://www.meetup.com/rladies-montreal/","https://twitter.com/RLadiesMTL","montreal@rladies.org","","","","","https://github.com/rladies/meetup-presentations_montreal","","","Corinne Riddell, Kathryn Morrison","Active"
"Chile","","Concepción","https://www.meetup.com/rladies-conception/","","concepcion@rladies.org","","","","","","","","Macarena Valenzuela Beltrán, Camila Molina","Active"
"Chile","Metropolitana","Santiago de Chile","https://www.meetup.com/rladies-scl/","https://twitter.com/RLadiesSantiago","santiago@rladies.org","https://www.facebook.com/RLadiesSantiago/","","","","https://github.com/rladies/meetup-presentations_santiago","","","Gabriela Sandoval, Riva Quiroga","Active"
"Chile","Valparaíso","Valparaíso","https://www.meetup.com/rladies-valparaiso/","https://twitter.com/RLadiesValpo","valparaiso@rladies.org","https://www.facebook.com/RLadiesValpo/","","","","","","","Riva Quiroga, Lissy Arce","Active"
"China","","Beijing","https://www.meetup.com/rladies-beijing/","","beijing@rladies.org","","","","","","","","Xu Sabrina","Active"
"Colombia","","Bogotá","https://www.meetup.com/rladies-bogota/","https://twitter.com/RLadiesBogota","","","","","","","","","Verónica Toro","Active"
"Colombia","","Bucaramanga","","","","","","","","","","","Viviana Romero Alarcon","Prospective"
"Colombia","","Medellin","","","","","","","","","","","Angie Correa","Prospective"
"Costa Rica","","San José","https://www.meetup.com/rladies-san-jose/","https://twitter.com/RLadiesCR","sanjoseCR@rladies.org","https://www.facebook.com/R-Ladies-San-Jos%C3%A9-CR-113831192660935","","","","","","","Marcela Alfaro-Córdoba","Active"
"Croatia","","Zagreb","","","","","","","","","","","Ana Jankovic, Maja Kuzman","Prospective"
"Denmark","","Copenhagen","https://www.meetup.com/rladies-copenhagen/","https://twitter.com/RLadiesCPH","copenhagen@rladies.org","","","","","","","","Kristina Gregorio, Diana Lucatero","Active"
"Dominican Republic","","Santo Domingo","","","","","","","","","","","Lissette Rodriguez","Prospective"
"Ecuador","","Guayaquil","https://www.meetup.com/rladies-guayaquil/","https://twitter.com/RLadiesGye","guayaquil@rladies.org","","","","","https://github.com/rladies/meetup-presentations_guayaquil","","","Zulemma Bazurto, Diana Minda","Active"
"Ecuador","","Quito","https://www.meetup.com/rladies_quito/","https://twitter.com/RLadiesQuito","quito@rladies.org","","","","","https://github.com/rladies/meetup-presentations_quito","","https://rladies-quito.slack.com/","Elena Chicaiza, Carolina Cañizares, Rosi Bolaños","Active"
"Estonia","","Tallinn","","","","","","","","","","","Merilin Paas","Prospective"
"Ethiopia","","Addis Ababa","https://www.meetup.com/rladies-addis-ababa/","https://twitter.com/RLadiesAddis","addisababa@rladies.org","","","","","","https://r-ladies-addis.github.io/rladies-addis/","","Margareth Gfrerer","Active"
"Finland","","Helsinki","https://www.meetup.com/rladies-helsinki/","https://twitter.com/RLadiesHelsinki","helsinki@rladies.org","","","","","","","","Suvi Vasama, Eija-Leena Koponen","Active"
"France","","Lyon","https://www.meetup.com/rladies-lyon/","https://twitter.com/RLadiesLyon","lyon@rladies.org","","","","","https://github.com/rladies/meetup-presentations_lyon","","","Shama Virani, Citadel Cabasag, Hannah Lennon, Mathilde Boisserin, Nada Assi, Florence Guida","Active"
"France","","Montpellier","https://www.meetup.com/rladies-montpellier/","https://twitter.com/RLadiesMontpel","montpellier@rladies.org","","","","","","","","Cécile Sauder, Criscely Luján","Active"
"France","","Paris","https://www.meetup.com/rladies-paris/","https://twitter.com/RLadiesParis","paris@rladies.org","https://www.facebook.com/groups/1771828013098557/","","","","https://github.com/rladies-paris/","","","Diane Beldame, Christina Bergmann, Sarah Hosking, Stéphanie Terrasse","Active"
"France","","Strasbourg","https://www.meetup.com/rladies-strasbourg/","https://twitter.com/RLadiesStras","strasbourg@rladies.org","","","","","https://github.com/rladies/meetup-presentations_strasbourg","","","Rita Giordano","Active"
"Georgia","","Tbilisi","https://www.meetup.com/rladies-tbilisi/","https://twitter.com/RLadiesTbilisi","tbilisi@rladies.org","https://www.facebook.com/rladiestbilisi","","","","https://github.com/rladies/meetup-presentations_tbilisi","","","Liili Abuladze, Tamuna Margievi, Nino Melitauri","Active"
"Germany","","Berlin","https://www.meetup.com/rladies-berlin/","https://twitter.com/RLadiesBerlin","berlin@rladies.org","https://www.facebook.com/RLadiesBerlin","","","","https://github.com/rladies/meetup-presentations_berlin","","https://rstats-germany.slack.com/","Christin Zasada, Noa Tamir, Hannah Tillmann","Active"
"Germany","","Frankfurt","https://www.meetup.com/rladies-frankfurt/","","frankfurt@rladies.org","","","","","","","","Sandra Pintor","Active"
"Germany","","Freiburg","https://www.meetup.com/rladies-freiburg/","https://twitter.com/RLadiesFreiburg","freiburg@rladies.org","","","","","","","","Divya Seernani","Active"
"Germany","","Goettingen","","https://twitter.com/RLadiesGoe","goettingen@rladies.org","","","","","","","","Annika Ziereis, Lena Ackermann, Friederike Schütte, Lara Schleifenbaum"," Prospective"
"Germany","","Heidelberg","","","","","","","","","","","Anna Stepanova","Prospective"
"Germany","","Leipzig","","","","","","","","","","","Deisy Gysi","Prospective"
"Germany","","Marburg","","","","","","","","","","","Glenda Mendieta","Prospective"
"Germany","","Munich","https://www.meetup.com/rladies-munich/","https://twitter.com/RLadiesMunich","munich@rladies.org","https://www.facebook.com/RLadiesMunich/","","","","https://github.com/rladies/meetup-presentations_munich","","","Daloha Rodriguez-Molina, Pamela Raquel Matias Garcia, Dan Huang, Choi Wai Maggie Chak","Active"
"Germany","","Münster","","","","","","","","","","","Iris Morgenstern, Thi Sam To","Prospective"
"Germany","","Stuttgart","","","","","","","","","","","Paula Gonzalez","Prospective"
"Hong Kong","","Hong Kong","https://www.meetup.com/rladies-hong-kong/","","hongkong@rladies.org","","","","","","","","Gabriela Mourão","Active"
"Hungary","","Budapest","https://www.meetup.com/rladies-budapest/","https://twitter.com/RLadiesBudapest","budapest@rladies.org","https://www.facebook.com/RLadiesBudapest/","","","","https://github.com/rladies/meetup-presentations_budapest","","","Ágnes Salánki, Eszter Windhager-Pokol, Zsuzsanna Szabó, Rita Klein, Berta Böjte, Gerda Lukácsné Szabó","Active"
"India","Delhi","New Delhi","https://www.meetup.com/rladies-new-delhi/","","","","","","","","","","Anukriti Gupta, Riya Gupta","Active"
"India","Karnataka","Bangalore","","","","","","","","","","","Aparna Bindu, Muthumari S, Diksha Chawla, Pragati Parikh, Smruthi R, Shefali Lokesh, Radha Subramanian, Dincy Mariyam","Prospective"
"India","Karnataka","B G Nagar","","","","","","","","","","","Divya Gowda","Prospective"
"India","Maharashtra","Mumbai","","","","","","","","","","","Heena Bhagat"," Prospective"
"India","Maharashtra","Pune","","","","","","","","","","","Namita Joseph, Disha Patil, Shraddha Surana, Saranjeet Kaur","Prospective"
"India","Tamil Nadu","Chennai","https://www.meetup.com/rladies-chennai/","https://twitter.com/RLadiesChennai","chennai@rladies.org","","","","","","","","Praveena Mathews","Active"
"India","Tamil Nadu","Tiruchirappalli","https://www.meetup.com/rladies-tiruchirappalli/","https://twitter.com/RLadiesTrichy","trichy@rladies.org","","","","","","","","Janani Selvaraj","Active"
"India","Telangana","Hyderabad","","","","","","","","","","","Varnitha Kurli Reddy, Radhika Garimella","Prospective"
"India","West Bengal","Kolkata","","","","","","","","","","","A. Mani"," Prospective"
"Indonesia","","Bogor","https://www.meetup.com/rladies-bogor/","","bogor@rladies.org","","","","","","","","Sabhrina Aninta, Sheherazade, Ulfah Mardhiah","Active"
"Indonesia","","Jakarta","https://www.meetup.com/rladies-jakarta/","","","","","","","","","","Erika Siregar","Prospective"
"Ireland","","Dublin","https://www.meetup.com/rladies-dublin/","https://twitter.com/RLadiesDublin","dublin@rladies.org","","","","","https://github.com/rladies/meetup-presentations_dublin","","","Jo Nie_","Active"
"Israel","","Tel Aviv","","","","","","","","","","","Ayala Allon"," Prospective"
"Italy","","Bari","https://www.meetup.com/rladies-bari/","https://twitter.com/RladiesBari","bari@rladies.org","https://www.facebook.com/rladiesbari/","","","","https://github.com/rladies/meetup-presentations_bari","","","Giovanna de Vincenzo, Francesca Lamontanara","Active"
"Italy","","Bolzano","","","","","","","","","","","Damia Noce","Prospective"
"Italy","","Milan","https://www.meetup.com/rladies-milan/","https://twitter.com/RLadiesMilan","milan@rladies.org","","","","","https://github.com/rladies/meetup-presentations_milan","","","Parvaneh Shafiei","Active"
"Italy","","Palermo","","","","","","","","","","","Micaela Arcaio","Prospective"
"Italy","","Trento","","","","","","","","","","","Teresa Del Bianco","Prospective"
"Italy","","Trieste","","","","","","","","","","","Jana Hasenäcker","Prospective"
"Japan","","Okinawa","","","","","","","","","","","Margaret Mars Brisbin","Prospective"
"Kenya","","Nairobi","","","","","","","","","","","Muthoni Wanyoike, Shelmith Kariuki","Prospective"
"Kenya","","Nakuru","","","","","","","","","","","Immaculate Kathomi","Prospective"
"Lebanon","","Beirut","","https://twitter.com/RLadiesBEY","beirut@rladies.org","","","","","","","","Sondos Atwi","Prospective"
"Luxembourg","","Luxembourg","","","","","","","","","","","Claudia Albanese","Prospective"
"Malaysia","","Kuala Lumpur","","","","","","","","","","","Anuradha Yerukola","Prospective"
"Mexico","","Cuernavaca","https://www.meetup.com/rladies-cuernavaca/","","cuernavaca@rladies.org","","","","","","","","Joselyn Chavez","Active"
"Mexico","","Mexico City","https://www.meetup.com/rladies-cdmx/","https://twitter.com/RLadiesCDMX","cdmx@rladies.org","https://www.facebook.com/rladiescdmx","","","","","","rladiescdmx.slack.com","Silvia Eunice Gutiérrez de la Torre, Maria Ortiz, Mariana Carmona, Mariana Godina","Active"
"Mexico","","Morelia","","","","","","","","","","","Thomai Tsiftsi","Prospective"
"Mexico","","Pachuca","https://www.meetup.com/rladies-pachuca/","https://twitter.com/RLadiesPachuca","pachuca@rladies.org","","","","","","","","Yesenia Jasso Arreola","Active"
"Mexico","","Puebla","https://www.meetup.com/rladies-puebla/","","","","","","","","","","Averi Giudicessi","Prospective"
"Mexico","","Queretaro","https://www.meetup.com/rladies-queretaro/","","","","","","","","","","Driselda Patricia Sánchez Aguirre, Ana Betty Villaseñor, Azalea Reyes","Active"
"Mexico","","Xalapa","https://www.meetup.com/rladies-xalapa/","https://twitter.com/RLadiesXalapa","xalapa@rladies.org","","","","","","","","Marcela Dolores Guerra Osorno","Active"
"Montenegro","","Herceg Novi","https://www.meetup.com/rladies-montenegro/","https://twitter.com/RLadiesMNE","montenegro@rladies.org","","","","","https://github.com/rladies/meetup-presentations_montenegro","","","Ivana Kecojevic","Active"
"Montenegro","","Podgorica","","","","","","","","","","","Elma Dervic","Prospective"
"Morocco","","Rabat","https://www.meetup.com/rladies-rabat/","https://twitter.com/RLadiesRabat","rabat@rladies.org","","","","","","","","Abir Alaoui","Active"
"Nigeria","","Ilorin","","","","","","","","","","","Waliyat Olaide Oloyede","Prospective"
"Nigeria","","Lagos","https://www.meetup.com/rladies-lagos/","","lagos@rladies.org","","","","","","","","Alimi Eyitayo","Active"
"Nepal","","Kathmandu","https://www.meetup.com/rladies-kathmandu","https://twitter.com/RLadiesKtm","kathmandu@rladies.org","","","","","","","","Prakriti Dhungana, Anupama Bishwokarma","Active"
"Netherlands","","Amsterdam","https://www.meetup.com/rladies-amsterdam/","https://twitter.com/RLadiesAMS","amsterdam@rladies.org","","","","","","","","Tess Korthout, Janine Khuc, Iris de Vries","Active"
"Netherlands","","Den Bosch","https://www.meetup.com/rladies-den-bosch/","","denbosch@rladies.org","","","","","","","","Veerle van Son, Luana Gomes Sousa","Active"
"Netherlands","","Groningen","","","","","","","","","","","Suzanne Dekker","Prospective"
"Netherlands","","Nijmegen","https://www.meetup.com/rladies-nijmegen/","https://twitter.com/RladiesNijmegen","nijmegen@rladies.org","","","","","","","","Sara Iacozza, Eirini Zormpa","Active"
"Netherlands","","Rotterdam","https://www.meetup.com/rladies-rotterdam/","https://twitter.com/RladiesRdam","rotterdam@rladies.org","","","","","","","","Ingrid Szilagyi, Paloma Rojas","Active"
"Netherlands","","Twente","","","","","","","","","","","Karin Groothuis-Oudshoorn","Prospective"
"Netherlands","","Utrecht","https://www.meetup.com/rladies-utrecht/","","","","","","","","","","Annelies Kers, Dewi Koning","Prospective"
"Netherlands","","Wageningen","https://www.meetup.com/rladies-wageningen/","https://twitter.com/RLadiesWage","wageningen@rladies.org","","","","","","","","Veronika Laine","Active"
"New Zealand","","Auckland","https://www.meetup.com/rladies-auckland/","https://twitter.com/RLadiesAKL","auckland@rladies.org","","","","","https://github.com/rladies/meetup-presentations_auckland","","","Kim Fitter, Anna Martin Fergusson, Anjali Gupta","Active"
"New Zealand","","Christchurch","https://www.meetup.com/rladies-christchurch/","","chch@rladies.org","","","","","","","","Vica Papp","Prospective"
"New Zealand","","Nelson","https://www.meetup.com/rladies-nelson/","","","","","","","","","","Dana Briscoe","Active"
"Norway","","Bergen","","","","","","","","","","","Jonelle Dickow Villar","Prospective"
"Norway","","Oslo","https://www.meetup.com/rladies-oslo/","https://twitter.com/RLadies_Oslo","oslo@rladies.org","","","","","https://github.com/rladies/meetup-presentations_oslo","","","Anne Claire Fouilloux, Athanasia Monika Mowinckel, Lene Norderhaug Drosdal, Aurora Voje, Isabelle Valette","Active"
"Paraguay","","Asunción","","","asuncion@rladies.org","","","","","","","","Flavia Sacco","Prospective"
"Peru","","Lima","https://www.meetup.com/rladies-lima/","https://twitter.com/RLadiesLima","lima@rladies.org","https://www.facebook.com/RLadiesLima","","","","https://github.com/rladies/meetup-presentations_lima","","r-ladieslima.slack.com","Ivonne Rentería, Vilma Romero, Evelyn Gutierrez, Yuriko Sosa, Sherly Tarazona, Luisa Quispe","Active"
"Philippines","","Manila","","","","","","","","","","","Ma. Regina Justina E. Estuar","Prospective"
"Poland","","Lodz","","","","","","","","","","","Lidia Lipi_ska","Prospective"
"Poland","","Warsaw","http://www.meetup.com/Spotkania-Entuzjastow-R-Warsaw-R-Users-Group-Meetup/","","warsaw@rladies.org","https://www.facebook.com/RLadiesWarsaw/","","","","","","","Olga Mierzwa-Sulima, Natalia Potocka","Active"
"Portugal","","Lisbon","https://www.meetup.com/rladies-lisboa/","https://twitter.com/RLadiesLx","lisbon@rladies.org","https://www.facebook.com/RLadiesLisboa","","","","https://github.com/rladies/meetup-presentations_lisbon","","","Andreia Carlos, Carolina Frias","Active"
"Romania","","Bucharest","https://www.meetup.com/rladies-bucharest/","https://twitter.com/rladiesbuchares","bucuresti@rladies.org","","","","","https://github.com/rladies/meetup-presentations_bucharest/","","","Ines Teaca","Prospective"
"Russia","","St. Petersburg","","","","","","","","","","","Alina Bakhitova","Prospective"
"Saudi Arabia","","Alkhobar","","","","","","","","","","","Sarah Alduayj","Prospective"
"Saudi Arabia","","Riyadh","","","","","","","","","","","Faten Alamri","Prospective"
"Serbia","","Belgrade","https://www.meetup.com/rladies-belgrade/","https://twitter.com/RLadiesBelgrade","belgrade@rladies.org","","","","","","","","Nadica Miljkovic, Vesna Oro, Tatjana Kecojević","Active"
"Serbia","","Novi Sad","https://www.meetup.com/rladies-novi-sad/","","novisad@rladies.org","","","","","","","","Katica Ristic, Tatjana Kecojević, Olivera Grljević,Maja Pokusevski, Ranka Medenica Todorović, Milena Kresoja","Prospective"
"South Africa","","Cape Town","https://www.meetup.com/rladies-cape-town/","https://twitter.com/RLadiesCapeTown","capetown@rladies.org","","","","","https://github.com/rladies/meetup-presentations_capetown","","","Theoni Photopoulou","Active"
"South Africa","","Durban","","","","","","","","","","","Nitya Manjari Dasi, Deveshnie Mudaly","Prospective"
"South Africa","","Johannesburg","https://www.meetup.com/rladies-johannesburg/","https://twitter.com/RLadiesJozi","jozi@rladies.org","","","","","https://github.com/rladies/meetup-presentations_jozi","","","Vebashini Naidoo, Retha Langa","Active"
"Spain","","Barcelona","http://www.meetup.com/rladies-barcelona/","https://twitter.com/RLadiesBCN","bcn@rladies.org","","","https://www.periscope.tv/RLadiesBCN","","https://github.com/rladies/meetup-presentations_barcelona","","","Ania Alay, Mireia Ramos","Active"
"Spain","","Bilbao","https://www.meetup.com/rladies-bilbao/","https://twitter.com/RLadiesBIO","bilbao@rladies.org","","","","","","","","Diana Marcela Perez Valencia, Lore Zumeta Olaskoaga, Maria Xose Rodriguez Alvarez, Amaia Abanda Elustondo, Leire Citores Martinez, Amaia Iparragirre, Ainhoa Ochoa","Active"
"Spain","","Madrid","https://www.meetup.com/rladies-madrid/","https://twitter.com/RLadiesMAD","madrid@rladies.org","","","","","https://github.com/rladies/meetup-presentations_madrid","","","Bea Hernández, Inés Huertas, Leticia Martín-Fuertes, Elen Irazabal","Active"
"Spain","","Sevilla","","","","","","","","","","","Ana Magdalena Vargas Martinez","Prospective"
"Spain","","Valencia","https://www.meetup.com/rladies-valencia/","https://twitter.com/RLadiesValencia","valencia@rladies.org","","","","","","","","Lidia Contreras","Active"
"Sweden","","Stockholm","https://www.meetup.com/rladies-stockholm/","https://twitter.com/RLadiesSthlm","","","","","","","","","Elisabeth Dahlqwist, Nina Lindell, Maya Alsheh Ali, Aminata Ndiaye, Ana Turk, Nissa Ferm, Ashley Thompson","Active"
"Switzerland","","Lausanne","https://www.meetup.com/rladies-lausanne/","https://twitter.com/RLadiesLausanne","rladieslausanne@gmail.com","https://www.facebook.com/RLadiesLausanne/","","","","https://github.com/rladies/meetup-presentations_lausanne","https://rladieslausanne.github.io/","","Andrea Komljenovic, Ninon Mounier, Sarvenaz Choobdar, Sina Rüeger, Liza Darrous","Active"
"Switzerland","","Zurich","","","","","","","","","","","Lisa-Christina Winter","Prospective"
"Taiwan","","Taipei","https://www.meetup.com/rladies-taipei/","","taipei@rladies.org","https://www.facebook.com/groups/twrladies","","","","","","","Juyin Tang, Chiayi Yen, Ning Chen","Active"
"Tunisia","","Tunis","","","","","","","","","","","Hédia Tnani","Prospective"
"Turkey","","Ankara","https://www.meetup.com/rladies-ankara/","","","","","","","","","","Mubina Ipek","Prospective"
"Turkey","","Istanbul","https://www.meetup.com/rladies-istanbul/","https://twitter.com/RLadiesIstanbul","istanbul@rladies.org","","","","","https://github.com/rladies/meetup-presentations_istanbul","","","Hazel Kavili","Active"
"Turkey","","Izmir","https://www.meetup.com/rladies-izmir/","https://twitter.com/RLadiesIzmir","izmir@rladies.org","","","","","","","","Necla Kayaalp","Active"
"Turkey","","Karabük","","","","","","","","","","","Cansu Uzunsimsek","Prospective"
"Turkey","","Mersin","","","","","","","","","","","Gizem Akkuş","Prospective"
"Uganda","","Kampala","","https://twitter.com/Rladieskampala","kampala@rladies.org","","","","","","","","Aine Lorna Maria, Shakirah Nakalungi","Prospective"
"Ukraine","","Kyiv","https://www.meetup.com/rladies-kyiv/","","kyiv@rladies.org","","","","","","","","Iaroslava Mizai, Tamara Koliada","Active"
"Ukraine","","Lviv","https://www.meetup.com/rladies-lviv/","","lviv@rladies.org","","","","","","","","Mariia Koliada","Active"
"United Arab Emirates","","Dubai","","","","","","","","","","","Lakshmi Krishnamurthy","Prospective"
"United Kingdom","","Cambridge","https://www.meetup.com/rladies-cambridge/","https://twitter.com/RLadiesCam","cambridge@rladies.org","","","","","","http://rladies.org.uk/","","Alexia Cardona","Active"
"United Kingdom","","Edinburgh","https://www.meetup.com/rladies-edinburgh/","https://twitter.com/RLadiesEdinb","edinburgh@rladies.org","","","","","","","","Karim Rivera, Alicia Forsberg","Active"
"United Kingdom","","Exeter","https://www.meetup.com/rladies-exeter/","","exeter@rladies.org","","","","","","","","Raluca Popp","Active"
"United Kingdom","","Glasgow","","","","","","","","","","","Joanna Ferrie, Rebecca Tonner","Prospective"
"United Kingdom","","Lancaster","https://www.meetup.com/rladies-lancaster/","https://twitter.com/RLadiesLancs","lancaster@rladies.org","","","","","","","","Rhian Davies","Active"
"United Kingdom","","Liverpool","https://www.meetup.com/rladies-liverpool/","https://twitter.com/RLadiesLivUK","liverpool@rladies.org","","","","","","","","Diana Iserazo","Active"
"United Kingdom","","London","https://www.meetup.com/rladies-london/","https://twitter.com/RLadiesLondon","london@rladies.org","","","https://www.periscope.tv/RLadiesLondon","","https://github.com/rladies/meetup-presentations_london","","","Claudia Vitolo, Hannah Frick, Grace Meyer, Kasia Kulma, Agnes Salanki, Emma Vestesson","Active"
"United Kingdom","","Loughborough","https://www.meetup.com/rladies-loughborough/","https://twitter.com/RLadiesLboro","loughborough@rladies.org","","","","","https://github.com/rladies/meetup-presentations_loughborough","","","Theresa Elise Wege, Kerry Rosenthal, Steph Farley","Active"
"United Kingdom","","Manchester","https://www.meetup.com/rladies-manchester/","https://twitter.com/RLadiesManchest","manchester@rladies.org","","","","","https://github.com/RLadiesManchester","","","Ellen Talbot, Bethan Blakeley","Active"
"United Kingdom","","Newcastle","https://www.meetup.com/rladies-newcastle/","","newcastle@rladies.org","","","","","","","","Jessica Ward, Friederike Bolam, Louise Mair, Danielle Turton, Lauren Ackerman, Aoife O'Neill","Active"
"Uruguay","","Montevideo","https://www.meetup.com/rladies-montevideo/","https://twitter.com/RLadiesMVD","montevideo@rladies.org","https://www.facebook.com/RLadiesMVD/","","","","https://github.com/rladies/meetup-presentations_montevideo","","","Daniela Vázquez, Natalia da Silva, María Inés Fariello, Paula Pereda","Active"
"USA","Alabama","Montgomery","https://www.meetup.com/rladies-montgomery/","","","","","","","","","","Rachel Ramirez","Active"
"USA","Arizona","Tucson","https://www.meetup.com/rladies-tucson-az/","https://twitter.com/RLadiesTucson","tuscon@rladies.org","","","","","","","","Adriana Picoral","Active"
"USA","Arkansas","Fayetteville","","","fayetteville@rladies.org","","","","","","","","Morgan Middlebrooks","Prospective"
"USA","Arkansas","Little Rock","","","","","","","","","","","Kristi Toblesky","Prospective"
"USA","California","Bakersfield","","","","","","","","","","","Manali Gadre","Prospective"
"USA","California","Davis","","","","","","","","","","","Meghan Klasic, Michaela C Debolt","Prospective"
"USA","California","Irvine","https://www.meetup.com/rladies-irvine/","https://twitter.com/RLadiesIrvine","irvine@rladies.org","","","","","https://github.com/rladies/meetup-presentations_irvine","http://www.rladiesirvine.org/","http://bit.ly/rladies-irvine-slack","Alyssa Columbus, Linda Palmer, Madeline Bauer, Maricela Cruz, Aparna Shastry","Active"
"USA","California","Los Angeles","https://www.meetup.com/rladies-la/","https://twitter.com/RLadiesLA","la@rladies.org","","","","","https://github.com/rladies/meetup-presentations_la","","","Katie Leap, Amanda Tilot","Active"
"USA","California","Pasadena","https://www.meetup.com/rladies-pasadena/","","","","","","","","","","Gail Peretsman-Clement, Zhi Yang, Donna Wrublewski","Active"
"USA","California","Riverside","https://www.meetup.com/rladies-riverside/","https://twitter.com/RLadiesRiversd","riverside@rladies.org","","","","","","","","Teresa Bohner, Marilia Gaiarsa, Daniela Cassol","Prospective"
"USA","California","San Diego","https://www.meetup.com/rladies-san-diego/","https://twitter.com/RLadiesSanDiego","sandiego@rladies.org","https://www.facebook.com/groups/rladiessandiego/","","","","https://github.com/rladies/meetup-presentations_sandiego","","","Juliana Capitanio, Viola Glenn, Elke Patton","Active"
"USA","California","San Francisco","https://www.meetup.com/rladies-san-francisco/","https://twitter.com/RladiesSF","sf@rladies.org","","","https://www.periscope.tv/RLadiesSF/","","https://github.com/rladies/meetup-presentations_sanfrancisco","","","Gabriela de Queiroz, Erin LeDell, Ciera Martinez","Active"
"USA","California","Santa Barbara","https://www.meetup.com/rladies-santa-barbara/","https://twitter.com/RLadiesSB","santabarbara@rladies.org","","","","","https://github.com/rladies/meetup-presentations_santabarbara","","","Julia Stewart Lowndes, Allison Horst, Jamie Afflerbach","Active"
"USA","California","Santa Cruz","","","","","","","","","","","Kate Kelsey","Prospective"
"USA","Colorado","Boulder","https://www.meetup.com/rladies-boulder/","https://twitter.com/RLadiesBoulder","boulder@rladies.org","","","","","","","","Lisa Moller, Courtney Van Den Elzen, Leigh Alexander, Marta Jankowska","Active"
"USA","Colorado","Denver","https://www.meetup.com/rladies-denver/","","","","","","","","","","Erin Hodgess, Evangeline Reynolds, Meghan Sposato","Prospective"
"USA","Colorado","Fort Collins","","","","","","","","","","","Kathleen Wendt","Prospective"
"USA","Connecticut","Hartford","https://www.meetup.com/rladies-connecticut/","https://twitter.com/RLadiesCT","hartford@rladies.org","","","","","","","","Erica Holdridge, Jasmine Dumas","Active"
"USA","Connecticut","New Haven","","","","","","","","","","","Josephine Ankrah","Prospective"
"USA","Florida","Gainesville","https://www.meetup.com/rladies-gainesville/","https://twitter.com/RLadiesGNV","gainesville@rladies.org","","","","","","","","Geraldine Klarenberg, Javiera Rudolph, Kristen Sauby","Active"
"USA","Florida","Jacksonville","","","","","","","","","","","Camille Knepper","Prospective"
"USA","Florida","Miami","https://www.meetup.com/rladies-miami/","https://twitter.com/RLadiesMiami","miami@rladies.org","","","","","https://github.com/rladies/meetup-presentations_miami","","","Laura Gabrysiak Gómez, Catalina Arango, Cris Vidal","Active"
"USA","Florida","Orlando","https://www.meetup.com/rladies-orlando/","https://twitter.com/RLadiesOrlando","orlando@rladies.org","","","","","https://github.com/rladies/meetup-presentations_orlando","","","Kathy Joshi, Vanessa Eaton","Active"
"USA","Florida","Sarasota","https://www.meetup.com/rladies-sarasota/","https://twitter.com/RLadiesSarasota","sarasota@rladies.org","","","","","https://github.com/rladies/meetup-presentations_sarasota","","","Fanny Chow","Active"
"USA","Florida","Tallahassee","https://www.meetup.com/rladies-tallahassee/","https://twitter.com/RLadiesTLH","tallahassee@rladies.org","","","","","","","","Jamie Quinn, Jennifer McHenry, Shannon Boyle","Active"
"USA","Florida","Tampa","https://www.meetup.com/rladies-tampa/","https://twitter.com/RLadiesTampa","","","","","","","","","Gina Griffin, Saarah Kison, Nik Ford, Heidi Bissell","Active"
"USA","Georgia","Athens","https://www.meetup.com/rladies-athens-ga/","","","","","","","","","","Camila Livio Emidio","Active"
"USA","Georgia","Atlanta","https://www.meetup.com/rladies-atlanta/","https://twitter.com/RLadiesAtlanta","atlanta@rladies.org","","","","","","","","Melinda Higgins, Emilie Seena, Patricia Castro","Active"
"USA","Idaho","Moscow","","","","","","","","","","","Adrienne Marshall","Prospective"
"USA","Illinois","Champaign","","","","","","","","","","","Marisa Ashley Smith","Prospective"
"USA","Illinois","Chicago","https://www.meetup.com/rladies-chicago/","https://twitter.com/RLadiesChicago","chicago@rladies.org","","","","","https://github.com/rladies/meetup-presentations_chicago","","","Angela Li,Katherine Simeon, Amy Yang, Anne Corinne-Carroll, Ola Giwa, Caroline Williams, Sushmita Gopalan, Scarlett Winters","Active"
"USA","Indiana","Bloomington","","","","","","","","","","","Ana Isabel Bento","Prospective"
"USA","Indiana","South Bend","","","","","","","","","","","Myrthe Faber, Kelsey M. Reese","Prospective"
"USA","Iowa","Ames","https://www.meetup.com/rladies-ames/","https://twitter.com/RLadiesAmes","ames@rladies.org","","","","","https://github.com/rladies-ames","","","Anabelle Laurent, Stephanie Reinders","Active"
"USA","Iowa","Des Moines","https://www.meetup.com/rladies-des-moines/","","desmoines@rladies.org","","","","","","","","Amanda Rae","Active"
"USA","Iowa","Iowa City","https://www.meetup.com/rladies-iowa-city/","","iowacity@rladies.org","","","","","","","","Marie Ozanne, Anna Reisetter, Alexandra Curtis","Active"
"USA","Kentucky","Lexington","","","","","","","","","","","Rebecca Jones","Prospective"
"USA","Kentucky","Louisville","https://www.meetup.com/rladies-louisville/","https://twitter.com/RLadiesLouville","louisville@rladies.org","","","","","","","","Samantha Carlisle","Active"
"USA","Louisiana","New Orleans","","","","","","","","","","","Erin Cuyler","Prospective"
"USA","Maine","Portland","https://www.meetup.com/rladies-portland-maine/","https://twitter.com/RLadiesPortland","portland@rladies.org","","","","","https://github.com/rladies/meetup-presentations_portland","","","Jennifer Fleck","Active"
"USA","Maryland","Baltimore","https://www.meetup.com/rladies-baltimore/","https://twitter.com/RLadiesBmore","bmore@rladies.org","","","","","","","","Stephanie Hicks, Margaret Taub, Rachel Sparklin","Active"
"USA","Maryland","Cambridge","","","","","","","","","","","Lisa Ziegler","Prospective"
"USA","Maryland","Lexington Park","https://www.meetup.com/rladies-lexington-park/","","lexingtonpark@rladies.org","","","","","","","","Linden McBride","Active"
"USA","Massachusetts","Boston","https://www.meetup.com/rladies-boston/","https://twitter.com/RLadiesBoston","boston@rladies.org","","","","","https://github.com/rladies/meetup-presentations_boston","https://rladies.github.io/Boston/","","Marianna Foos, Maria Elena Morales, Phoebe Wong","Active"
"USA","Massachusetts","Northampton","","","","","","","","","","","Paige Patrick","Prospective"
"USA","Massachusetts","Wellesley","","","","","","","","","","","Ally Kim","Prospective"
"USA","Michigan","East Lansing","https://www.meetup.com/rladies-east-lansing/","https://twitter.com/RLadiesELansing","eastlansing@rladies.org","https://facebook.com/rladieseastlansing","","","","https://github.com/rladies-eastlansing","https://rladies-eastlansing.github.io","https://rladies-eastlansing.slack.com","Janani Ravi & Camille Archer","Active"
"USA","Minnesota","Minneapolis-Saint Paul","https://www.meetup.com/rladies-tc/","https://twitter.com/RLadiesTC","","","","","","","","","Christina Knudson, Kierstin Catlett","Active"
"USA","Missisippi","Ocean Springs","","","","","","","","","","","Megumi Oshima","Prospective"
"USA","Missouri","Columbia","","","","","","","","","","","Hope Snyder, Linda A. Landon","Prospective"
"USA","Missouri","Kansas City","https://www.meetup.com/rladies-kansas-city/","","kansascity@rladies.org","","","","","","","","Boryana Koseva, Anna Pechenina, Gabriela Cipriano","Prospective"
"USA","Missouri","Springfield","https://www.meetup.com/rladies-springfield/","","springfieldmo@rladies.org","","","","","","","","Amber Gillenwaters","Active"
"USA","Missouri","St.Louis","https://www.meetup.com/rladies-st-louis/","https://twitter.com/RLadiesSTL","","","","","","","","","Jenine Harris","Active"
"USA","Montana","Bozeman","","","","","","","","","","","Allison Theobold","Prospective"
"USA","Nebraska","Lincoln","","","","","","","","","","","Gabriella Palomo, Lyndsie Wszola, Alexis Saltzman, Elise Thayer","Prospective"
"USA","New Jersey","Highland Park","https://www.meetup.com/rladies-highland-park/","","highlandpark@rladies.org","","","","","","","","Michelle Stuart, Laura Fernandez Arroyo","Prospective"
"USA","New York","Albany","","","","","","","","","","","Rebecca Cowan","Prospective"
"USA","New York","Buffalo","https://www.meetup.com/rladies-buffalo/","https://twitter.com/RLadiesBuff","buffalo@rladies.org","","","","","","","","Lori Shepherd","Active"
"USA","New York","Ithaca","","","","","","","","","","","Dena Jane Clink","Prospective"
"USA","New York","New York City","https://www.meetup.com/rladies-newyork/","https://twitter.com/RLadiesNYC","nyc@rladies.org","","","","","https://github.com/rladies/meetup-presentations_newyork","http://www.rladiesnyc.org/","","Soumya Kalra","Active"
"USA","New York","Rochester","","","","","","","","","","","Monica Javidnia","Prospective"
"USA","North Carolina","Charlotte","","","","","","","","","","","Jessica Dunn","Prospective"
"USA","North Carolina","RTP (Research Triangle Park)","https://www.meetup.com/rladies-rtp/","https://twitter.com/RLadiesRTP","rtp@rladies.org","","","","","https://github.com/rladies/meetup-presentations_rtp","","","Sheila Saia, Elaine McVey","Active"
"USA","Ohio","Cincinnati","https://www.meetup.com/rladies-cincinnati/","https://twitter.com/RLadiesCincy","cincinnati@rladies.org","","","","","","","","Renata Gerecke","Active"
"USA","Ohio","Columbus","https://www.meetup.com/rladies-columbus/","https://twitter.com/RLadiesColumbus","columbus@rladies.org","","","","","https://github.com/rladies/meetup-presentations_columbus","","","Ezgi Karaesmen, Katie Sasso, Genelle Denzin","Active"
"USA","Ohio","Oxford","","","","","","","","","","","Sandy Steiger","Prospective"
"USA","Oregon","Portland","https://www.meetup.com/rladies-pdx/","https://twitter.com/RLadiesPDX","pdx@rladies.org","","","","","https://github.com/rladies/meetup-presentations_portland","","","Augustina Ragwitz, Deeksha Thati, Alison Presmanes Hill","Active"
"USA","Pennsylvania","Harrisburg","","","","","","","","","","","Erin Feaser","Prospective"
"USA","Pennsylvania","Philadelphia","https://www.meetup.com/rladies-philly/","https://twitter.com/RLadiesPhilly","philly@rladies.org","","","","","https://github.com/rladies/meetup-presentations_philadelphia","http://www.rladiesphilly.org/","","Darina Chudnovskaya, Karla Fettich, Amy Goodwin Davies, Jessie Pluto, Chun Su, Alice Walsh"," Active"
"USA","Pennsylvania","Pittsburgh","","","pittsburgh@rladies.org","","","","","","","","Jane Kong, Elan Parsons","Prospective"
"USA","Pennsylvania","State College","","","","","","","","","","","Elizabeth Eisenhauer","Prospective"
"USA","Rhode Island","Providence","","","","","","","","","","","Sarah Eltinge","Prospective"
"USA","Tennessee","Memphis","https://www.meetup.com/rladies-memphis","https://twitter.com/RLadiesMemphis","memphis@rladies.org","","","","","","","","Scarlett Evans","Active"
"USA","Tennessee","Nashville","https://www.meetup.com/rladies-nashville/","https://twitter.com/RLadiesNash","nashville@rladies.org","","","","","https://github.com/rladies-nashville","","","Lucy D'Agostino McGowan, Mary van Valkenburg","Active"
"USA","Texas","Austin","https://www.meetup.com/rladies-austin/","https://twitter.com/RLadiesAustin","austin@rladies.org","","","","","https://github.com/rladies/meetup-presentations_austin","","","Victoria Valencia, Caitlin Hudon","Active"
"USA","Texas","Dallas","https://www.meetup.com/rladies-dallas/","https://twitter.com/DallasRladies","dallas@rladies.org","","","","","","","","Sydeaka Watson","Active"
"USA","Texas","El Paso","https://www.meetup.com/rladies-el-paso/","https://twitter.com/RLadiesElPaso","elpaso@rladies.org","","","","","","","","Elise Bell","Prospective"
"USA","Texas","Houston","https://www.meetup.com/rladies-houston/","","","","","","","","","","Erin Hodgess, Jennifer Cai, Tulasi NARAYANAN Aayer","Active"
"USA","Utah","Provo","","","provo@rladies.org","","","","","","","","Megdalynn Fisher, Katie Olson","Prospective"
"USA","Virginia","Charlottesville","https://www.meetup.com/rladies-charlottesville/","https://twitter.com/rladiescville","charlottesville@rladies.org","","","","","https://github.com/rladies/meetup-presentations_charlottesville","","","Samantha Toet","Active"
"USA","Virginia","Richmond","","","","","","","","","","","Erin Britton","Prospective"
"USA","Virginia","Woodbridge","","","","","","","","","","","Rida Naseem","Prospective"
"USA","Washington","Seattle","https://www.meetup.com/rladies-seattle/","https://twitter.com/RLadiesSeattle","seattle@rladies.org","","","","","","","","Chaya Eastwood Jones, Pamela Moriarty, Monica Gerber, Marie Jordan, Rachael Tatman, Isabella Velásquez","Active"
"USA","Washington","Tacoma","","","","","","","","","","","Alexandra Gore","Prospective"
"USA","Washington","D.C.","https://www.meetup.com/rladies-dc/","https://twitter.com/RLadiesDC","dc@rladies.org","","","","","https://github.com/rladies/meetup-presentations_dc","","","Kelly Obriant, Pri Oberoi","Active"
"USA","Wisconsin","Madison","","","","","","","","","","","Nichole Webster, Eshara Mondal","Prospective"
